year, dissolved Cu [mg/litre]
1980, 0.0000000e+00
1985, 1.3049507e-02
1990, 1.4821395e-01
1995, 3.5181120e-01
2000, 5.4292479e-01
2005, 8.1864767e-01
2010, 8.8768580e-01
2015, 9.7636318e-01
