year, pressure [MPa]
1980, 3.1290113e-02
1982, 1.0454802e-02
1984, -1.1308793e-03
1986, -8.1823007e-03
1988, -2.0039582e-02
1990, -3.9080823e-02
1992, -3.8913625e-02
1994, -4.7900067e-02
1996, -5.0129947e-02
1998, -5.1473820e-02
2000, -5.3710296e-02
2002, -4.3741039e-02
2004, -4.1875772e-02
2006, -4.0604600e-02
2008, -3.6548489e-02
2010, -3.4561112e-02
2012, -2.8474629e-02
2014, -3.2938081e-02
2016, -2.9783908e-02
